account,account,server,rss,url
Seirdy@pleroma.envs.net,Seirdy,pleroma.envs.net,https://pleroma.envs.net/@Seirdy.rss,https://pleroma.envs.net/@Seirdy
kissane@mas.to,kissane,mas.to,https://mas.to/@kissane.rss,https://mas.to/@kissane
julia@hcommons.social,julia,hcommons.social,https://hcommons.social/@julia.rss,https://hcommons.social/@julia
dilmandila@mograph.social,dilmandila,mograph.social,https://mograph.social/@dilmandila.rss,https://mograph.social/@dilmandila
Gray@calckey.social,Gray,calckey.social,https://calckey.social/@Gray.rss,https://calckey.social/@Gray
garyhall@hcommons.social,garyhall,hcommons.social,https://hcommons.social/@garyhall.rss,https://hcommons.social/@garyhall
Radical_EgoCom@kolektiva.social,Radical_EgoCom,kolektiva.social,https://kolektiva.social/@Radical_EgoCom.rss,https://kolektiva.social/@Radical_EgoCom
janboddez@indieweb.social,janboddez,indieweb.social,https://indieweb.social/@janboddez.rss,https://indieweb.social/@janboddez
rozina@post.lurk.org,rozina,post.lurk.org,https://post.lurk.org/@rozina.rss,https://post.lurk.org/@rozina
kieranmcguire@hachyderm.io,kieranmcguire,hachyderm.io,https://hachyderm.io/@kieranmcguire.rss,https://hachyderm.io/@kieranmcguire
mrcompletely@heads.social,mrcompletely,heads.social,https://heads.social/@mrcompletely.rss,https://heads.social/@mrcompletely
BootsChantilly@mstdn.social,BootsChantilly,mstdn.social,https://mstdn.social/@BootsChantilly.rss,https://mstdn.social/@BootsChantilly
blogdiva@mastodon.social,blogdiva,mastodon.social,https://mastodon.social/@blogdiva.rss,https://mastodon.social/@blogdiva
whenisbirths@mastodon.social,whenisbirths,mastodon.social,https://mastodon.social/@whenisbirths.rss,https://mastodon.social/@whenisbirths
venitamathias@masto.ai,venitamathias,masto.ai,https://masto.ai/@venitamathias.rss,https://masto.ai/@venitamathias
gneilyo@mastodon.online,gneilyo,mastodon.online,https://mastodon.online/@gneilyo.rss,https://mastodon.online/@gneilyo
IainMoore@toot.community,IainMoore,toot.community,https://toot.community/@IainMoore.rss,https://toot.community/@IainMoore
lazyvar@iosdev.space,lazyvar,iosdev.space,https://iosdev.space/@lazyvar.rss,https://iosdev.space/@lazyvar
plausible@fosstodon.org,plausible,fosstodon.org,https://fosstodon.org/@plausible.rss,https://fosstodon.org/@plausible
hbuchel@hachyderm.io,hbuchel,hachyderm.io,https://hachyderm.io/@hbuchel.rss,https://hachyderm.io/@hbuchel
mharleydev@mastodon.social,mharleydev,mastodon.social,https://mastodon.social/@mharleydev.rss,https://mastodon.social/@mharleydev
Adam_Cadmon1@mastodon.online,Adam_Cadmon1,mastodon.online,https://mastodon.online/@Adam_Cadmon1.rss,https://mastodon.online/@Adam_Cadmon1
abdullah_nimer@mstdn.social,abdullah_nimer,mstdn.social,https://mstdn.social/@abdullah_nimer.rss,https://mstdn.social/@abdullah_nimer
wedistribute@mastodon.social,wedistribute,mastodon.social,https://mastodon.social/@wedistribute.rss,https://mastodon.social/@wedistribute
YPJ_Info@kolektiva.social,YPJ_Info,kolektiva.social,https://kolektiva.social/@YPJ_Info.rss,https://kolektiva.social/@YPJ_Info
mamday@kolektiva.social,mamday,kolektiva.social,https://kolektiva.social/@mamday.rss,https://kolektiva.social/@mamday
WaNaziWatch@kolektiva.social,WaNaziWatch,kolektiva.social,https://kolektiva.social/@WaNaziWatch.rss,https://kolektiva.social/@WaNaziWatch
tylersticka@social.lol,tylersticka,social.lol,https://social.lol/@tylersticka.rss,https://social.lol/@tylersticka
antifaintl@kolektiva.social,antifaintl,kolektiva.social,https://kolektiva.social/@antifaintl.rss,https://kolektiva.social/@antifaintl
hryggrbyr@ibe.social,hryggrbyr,ibe.social,https://ibe.social/@hryggrbyr.rss,https://ibe.social/@hryggrbyr
eevee@queer.party,eevee,queer.party,https://queer.party/@eevee.rss,https://queer.party/@eevee
bauhausmensch@norden.social,bauhausmensch,norden.social,https://norden.social/@bauhausmensch.rss,https://norden.social/@bauhausmensch
popcornreel@mas.to,popcornreel,mas.to,https://mas.to/@popcornreel.rss,https://mas.to/@popcornreel
LadyDragonfly@universeodon.com,LadyDragonfly,universeodon.com,https://universeodon.com/@LadyDragonfly.rss,https://universeodon.com/@LadyDragonfly
AnarchoNinaWrites@oliphant.social,AnarchoNinaWrites,oliphant.social,https://oliphant.social/@AnarchoNinaWrites.rss,https://oliphant.social/@AnarchoNinaWrites
codemonkeymike@fosstodon.org,codemonkeymike,fosstodon.org,https://fosstodon.org/@codemonkeymike.rss,https://fosstodon.org/@codemonkeymike
thomholwerda@social.tchncs.de,thomholwerda,social.tchncs.de,https://social.tchncs.de/@thomholwerda.rss,https://social.tchncs.de/@thomholwerda
CellySally@biologists.social,CellySally,biologists.social,https://biologists.social/@CellySally.rss,https://biologists.social/@CellySally
LizPhair@mstdn.social,LizPhair,mstdn.social,https://mstdn.social/@LizPhair.rss,https://mstdn.social/@LizPhair
grahamorriss@toot.community,grahamorriss,toot.community,https://toot.community/@grahamorriss.rss,https://toot.community/@grahamorriss
deadsuperhero@treehouse.systems,deadsuperhero,treehouse.systems,https://treehouse.systems/@deadsuperhero.rss,https://treehouse.systems/@deadsuperhero
m2m@sonomu.club,m2m,sonomu.club,https://sonomu.club/@m2m.rss,https://sonomu.club/@m2m
UXLondon@mastodon.social,UXLondon,mastodon.social,https://mastodon.social/@UXLondon.rss,https://mastodon.social/@UXLondon
lzg@mastodon.social,lzg,mastodon.social,https://mastodon.social/@lzg.rss,https://mastodon.social/@lzg
drunkenmadman@aus.social,drunkenmadman,aus.social,https://aus.social/@drunkenmadman.rss,https://aus.social/@drunkenmadman
_pear@sleepy.pleasant.rest,_pear,sleepy.pleasant.rest,https://sleepy.pleasant.rest/@_pear.rss,https://sleepy.pleasant.rest/@_pear
joyannreid@masto.ai,joyannreid,masto.ai,https://masto.ai/@joyannreid.rss,https://masto.ai/@joyannreid
Shrigglepuss@godforsaken.website,Shrigglepuss,godforsaken.website,https://godforsaken.website/@Shrigglepuss.rss,https://godforsaken.website/@Shrigglepuss
jtphillipsmnr@mastodon.art,jtphillipsmnr,mastodon.art,https://mastodon.art/@jtphillipsmnr.rss,https://mastodon.art/@jtphillipsmnr
patrickworld@mastodon.online,patrickworld,mastodon.online,https://mastodon.online/@patrickworld.rss,https://mastodon.online/@patrickworld
jonny@social.coop,jonny,social.coop,https://social.coop/@jonny.rss,https://social.coop/@jonny
person72443@mastodon.social,person72443,mastodon.social,https://mastodon.social/@person72443.rss,https://mastodon.social/@person72443
0066cc@hci.social,0066cc,hci.social,https://hci.social/@0066cc.rss,https://hci.social/@0066cc
sophie@social.lol,sophie,social.lol,https://social.lol/@sophie.rss,https://social.lol/@sophie
mobydick@botsin.space,mobydick,botsin.space,https://botsin.space/@mobydick.rss,https://botsin.space/@mobydick
carnage4life@mas.to,carnage4life,mas.to,https://mas.to/@carnage4life.rss,https://mas.to/@carnage4life
kiwix@mastodon.social,kiwix,mastodon.social,https://mastodon.social/@kiwix.rss,https://mastodon.social/@kiwix
autonomic@sunbeam.city,autonomic,sunbeam.city,https://sunbeam.city/@autonomic.rss,https://sunbeam.city/@autonomic
DeliaChristina@sfba.social,DeliaChristina,sfba.social,https://sfba.social/@DeliaChristina.rss,https://sfba.social/@DeliaChristina
ThisPlaceAgain@mas.to,ThisPlaceAgain,mas.to,https://mas.to/@ThisPlaceAgain.rss,https://mas.to/@ThisPlaceAgain
darkedinburgh@mastodon.scot,darkedinburgh,mastodon.scot,https://mastodon.scot/@darkedinburgh.rss,https://mastodon.scot/@darkedinburgh
jarango@mastodon.social,jarango,mastodon.social,https://mastodon.social/@jarango.rss,https://mastodon.social/@jarango
joel@fosstodon.org,joel,fosstodon.org,https://fosstodon.org/@joel.rss,https://fosstodon.org/@joel
gutenberg_org@mastodon.social,gutenberg_org,mastodon.social,https://mastodon.social/@gutenberg_org.rss,https://mastodon.social/@gutenberg_org
MurderSheWrote@botsin.space,MurderSheWrote,botsin.space,https://botsin.space/@MurderSheWrote.rss,https://botsin.space/@MurderSheWrote
multiverseofbadness@toot.wales,multiverseofbadness,toot.wales,https://toot.wales/@multiverseofbadness.rss,https://toot.wales/@multiverseofbadness
signalapp@mastodon.world,signalapp,mastodon.world,https://mastodon.world/@signalapp.rss,https://mastodon.world/@signalapp
danirabbit@mastodon.online,danirabbit,mastodon.online,https://mastodon.online/@danirabbit.rss,https://mastodon.online/@danirabbit
misprintedtype@front-end.social,misprintedtype,front-end.social,https://front-end.social/@misprintedtype.rss,https://front-end.social/@misprintedtype
lulu_powerful@fosstodon.org,lulu_powerful,fosstodon.org,https://fosstodon.org/@lulu_powerful.rss,https://fosstodon.org/@lulu_powerful
johnbessa@fosstodon.org,johnbessa,fosstodon.org,https://fosstodon.org/@johnbessa.rss,https://fosstodon.org/@johnbessa
sodslawyer@mstdn.social,sodslawyer,mstdn.social,https://mstdn.social/@sodslawyer.rss,https://mstdn.social/@sodslawyer
dryak@mstdn.science,dryak,mstdn.science,https://mstdn.science/@dryak.rss,https://mstdn.science/@dryak
eosfpodcast@universeodon.com,eosfpodcast,universeodon.com,https://universeodon.com/@eosfpodcast.rss,https://universeodon.com/@eosfpodcast
BrettCoulstock@adforward.org,BrettCoulstock,adforward.org,https://adforward.org/@BrettCoulstock.rss,https://adforward.org/@BrettCoulstock
kjhealy@mastodon.social,kjhealy,mastodon.social,https://mastodon.social/@kjhealy.rss,https://mastodon.social/@kjhealy
phil_tanner@mastodon.nz,phil_tanner,mastodon.nz,https://mastodon.nz/@phil_tanner.rss,https://mastodon.nz/@phil_tanner
wandrew@godforsaken.website,wandrew,godforsaken.website,https://godforsaken.website/@wandrew.rss,https://godforsaken.website/@wandrew
cmconseils@mastodon.social,cmconseils,mastodon.social,https://mastodon.social/@cmconseils.rss,https://mastodon.social/@cmconseils
nic@toot.wales,nic,toot.wales,https://toot.wales/@nic.rss,https://toot.wales/@nic
wokuno@hachyderm.io,wokuno,hachyderm.io,https://hachyderm.io/@wokuno.rss,https://hachyderm.io/@wokuno
lauramcdonnell@mastodon.ie,lauramcdonnell,mastodon.ie,https://mastodon.ie/@lauramcdonnell.rss,https://mastodon.ie/@lauramcdonnell
cwebber@octodon.social,cwebber,octodon.social,https://octodon.social/@cwebber.rss,https://octodon.social/@cwebber
Mer__edith@mastodon.world,Mer__edith,mastodon.world,https://mastodon.world/@Mer__edith.rss,https://mastodon.world/@Mer__edith
jefklak@dosgame.club,jefklak,dosgame.club,https://dosgame.club/@jefklak.rss,https://dosgame.club/@jefklak
warandpeace@botsin.space,warandpeace,botsin.space,https://botsin.space/@warandpeace.rss,https://botsin.space/@warandpeace
decembr14@mastodon.scot,decembr14,mastodon.scot,https://mastodon.scot/@decembr14.rss,https://mastodon.scot/@decembr14
KFuentesGeorge@universeodon.com,KFuentesGeorge,universeodon.com,https://universeodon.com/@KFuentesGeorge.rss,https://universeodon.com/@KFuentesGeorge
mozilla@mozilla.social,mozilla,mozilla.social,https://mozilla.social/@mozilla.rss,https://mozilla.social/@mozilla
emilymbender@dair-community.social,emilymbender,dair-community.social,https://dair-community.social/@emilymbender.rss,https://dair-community.social/@emilymbender
aaronareed@mastodon.gamedev.place,aaronareed,mastodon.gamedev.place,https://mastodon.gamedev.place/@aaronareed.rss,https://mastodon.gamedev.place/@aaronareed
mekkaokereke@hachyderm.io,mekkaokereke,hachyderm.io,https://hachyderm.io/@mekkaokereke.rss,https://hachyderm.io/@mekkaokereke
heracles@mastodon.social,heracles,mastodon.social,https://mastodon.social/@heracles.rss,https://mastodon.social/@heracles
jalcine@todon.eu,jalcine,todon.eu,https://todon.eu/@jalcine.rss,https://todon.eu/@jalcine
CrimethInc@todon.eu,CrimethInc,todon.eu,https://todon.eu/@CrimethInc.rss,https://todon.eu/@CrimethInc
birnim@fosstodon.org,birnim,fosstodon.org,https://fosstodon.org/@birnim.rss,https://fosstodon.org/@birnim
rysiek@mstdn.social,rysiek,mstdn.social,https://mstdn.social/@rysiek.rss,https://mstdn.social/@rysiek
healyn@mastodon.social,healyn,mastodon.social,https://mastodon.social/@healyn.rss,https://mastodon.social/@healyn
zsk@mastodonapp.uk,zsk,mastodonapp.uk,https://mastodonapp.uk/@zsk.rss,https://mastodonapp.uk/@zsk
fastmail@mastodon.social,fastmail,mastodon.social,https://mastodon.social/@fastmail.rss,https://mastodon.social/@fastmail
Jaq__W@mastodon.social,Jaq__W,mastodon.social,https://mastodon.social/@Jaq__W.rss,https://mastodon.social/@Jaq__W
jbaty@social.lol,jbaty,social.lol,https://social.lol/@jbaty.rss,https://social.lol/@jbaty
thunderbird@mastodon.online,thunderbird,mastodon.online,https://mastodon.online/@thunderbird.rss,https://mastodon.online/@thunderbird
rhiaro@toot.cat,rhiaro,toot.cat,https://toot.cat/@rhiaro.rss,https://toot.cat/@rhiaro
sargent@wandering.shop,sargent,wandering.shop,https://wandering.shop/@sargent.rss,https://wandering.shop/@sargent
adamgreenfield@social.coop,adamgreenfield,social.coop,https://social.coop/@adamgreenfield.rss,https://social.coop/@adamgreenfield
snarfed.org@snarfed.org,snarfed.org,snarfed.org,https://snarfed.org/@snarfed.org.rss,https://snarfed.org/@snarfed.org
RichardJMurphy@mas.to,RichardJMurphy,mas.to,https://mas.to/@RichardJMurphy.rss,https://mas.to/@RichardJMurphy
Are0h@ubiqueros.com,Are0h,ubiqueros.com,https://ubiqueros.com/@Are0h.rss,https://ubiqueros.com/@Are0h
parismarx@mastodon.online,parismarx,mastodon.online,https://mastodon.online/@parismarx.rss,https://mastodon.online/@parismarx
a11yMel@front-end.social,a11yMel,front-end.social,https://front-end.social/@a11yMel.rss,https://front-end.social/@a11yMel
KevinMarks@xoxo.zone,KevinMarks,xoxo.zone,https://xoxo.zone/@KevinMarks.rss,https://xoxo.zone/@KevinMarks
johnquiggin@aus.social,johnquiggin,aus.social,https://aus.social/@johnquiggin.rss,https://aus.social/@johnquiggin
benjaminhollon@fosstodon.org,benjaminhollon,fosstodon.org,https://fosstodon.org/@benjaminhollon.rss,https://fosstodon.org/@benjaminhollon
joelanman@hachyderm.io,joelanman,hachyderm.io,https://hachyderm.io/@joelanman.rss,https://hachyderm.io/@joelanman
richxxiii@dobbs.town,richxxiii,dobbs.town,https://dobbs.town/@richxxiii.rss,https://dobbs.town/@richxxiii
aristeon89@mastodon.online,aristeon89,mastodon.online,https://mastodon.online/@aristeon89.rss,https://mastodon.online/@aristeon89
CobyPear@strangeobject.space,CobyPear,strangeobject.space,https://strangeobject.space/@CobyPear.rss,https://strangeobject.space/@CobyPear
FALLLYRICSINCAPS@botsin.space,FALLLYRICSINCAPS,botsin.space,https://botsin.space/@FALLLYRICSINCAPS.rss,https://botsin.space/@FALLLYRICSINCAPS
fvsch@hachyderm.io,fvsch,hachyderm.io,https://hachyderm.io/@fvsch.rss,https://hachyderm.io/@fvsch
flockofnazguls@mastodon.flockofnazguls.com,flockofnazguls,mastodon.flockofnazguls.com,https://mastodon.flockofnazguls.com/@flockofnazguls.rss,https://mastodon.flockofnazguls.com/@flockofnazguls
TristanB@tiggi.es,TristanB,tiggi.es,https://tiggi.es/@TristanB.rss,https://tiggi.es/@TristanB
jwildeboer@social.wildeboer.net,jwildeboer,social.wildeboer.net,https://social.wildeboer.net/@jwildeboer.rss,https://social.wildeboer.net/@jwildeboer
sarahjamielewis@mastodon.social,sarahjamielewis,mastodon.social,https://mastodon.social/@sarahjamielewis.rss,https://mastodon.social/@sarahjamielewis
kandr3s@kandr3s.co,kandr3s,kandr3s.co,https://kandr3s.co/@kandr3s.rss,https://kandr3s.co/@kandr3s
brianb@fosstodon.org,brianb,fosstodon.org,https://fosstodon.org/@brianb.rss,https://fosstodon.org/@brianb
themarkup@mastodon.themarkup.org,themarkup,mastodon.themarkup.org,https://mastodon.themarkup.org/@themarkup.rss,https://mastodon.themarkup.org/@themarkup
mrak@mastodon.org.uk,mrak,mastodon.org.uk,https://mastodon.org.uk/@mrak.rss,https://mastodon.org.uk/@mrak
esther@strangeobject.space,esther,strangeobject.space,https://strangeobject.space/@esther.rss,https://strangeobject.space/@esther
renoirb@mastodon.social,renoirb,mastodon.social,https://mastodon.social/@renoirb.rss,https://mastodon.social/@renoirb
hunkabilly@mas.to,hunkabilly,mas.to,https://mas.to/@hunkabilly.rss,https://mas.to/@hunkabilly
bignose@fosstodon.org,bignose,fosstodon.org,https://fosstodon.org/@bignose.rss,https://fosstodon.org/@bignose
kiko@indieweb.social,kiko,indieweb.social,https://indieweb.social/@kiko.rss,https://indieweb.social/@kiko
eric@social.ericwbailey.website,eric,social.ericwbailey.website,https://social.ericwbailey.website/@eric.rss,https://social.ericwbailey.website/@eric
imogenalisonreid@zirk.us,imogenalisonreid,zirk.us,https://zirk.us/@imogenalisonreid.rss,https://zirk.us/@imogenalisonreid
work@glasgow.social,work,glasgow.social,https://glasgow.social/@work.rss,https://glasgow.social/@work
tantek.com@tantek.com,tantek.com,tantek.com,https://tantek.com/@tantek.com.rss,https://tantek.com/@tantek.com
gerrymcgovern@mastodon.green,gerrymcgovern,mastodon.green,https://mastodon.green/@gerrymcgovern.rss,https://mastodon.green/@gerrymcgovern
catzilla@toot.cat,catzilla,toot.cat,https://toot.cat/@catzilla.rss,https://toot.cat/@catzilla
aardrian@toot.cafe,aardrian,toot.cafe,https://toot.cafe/@aardrian.rss,https://toot.cafe/@aardrian
matt@writing.exchange,matt,writing.exchange,https://writing.exchange/@matt.rss,https://writing.exchange/@matt
futurebird@sauropods.win,futurebird,sauropods.win,https://sauropods.win/@futurebird.rss,https://sauropods.win/@futurebird
Deglassco@mastodon.social,Deglassco,mastodon.social,https://mastodon.social/@Deglassco.rss,https://mastodon.social/@Deglassco
acousticmirror@post.lurk.org,acousticmirror,post.lurk.org,https://post.lurk.org/@acousticmirror.rss,https://post.lurk.org/@acousticmirror
seanmiles@mastodon.art,seanmiles,mastodon.art,https://mastodon.art/@seanmiles.rss,https://mastodon.art/@seanmiles
mulegirl@sfba.social,mulegirl,sfba.social,https://sfba.social/@mulegirl.rss,https://sfba.social/@mulegirl
matuzo@front-end.social,matuzo,front-end.social,https://front-end.social/@matuzo.rss,https://front-end.social/@matuzo
Blackfist@oliphant.social,Blackfist,oliphant.social,https://oliphant.social/@Blackfist.rss,https://oliphant.social/@Blackfist
Quinnae_Moon@wandering.shop,Quinnae_Moon,wandering.shop,https://wandering.shop/@Quinnae_Moon.rss,https://wandering.shop/@Quinnae_Moon
naunihal@mastodon.social,naunihal,mastodon.social,https://mastodon.social/@naunihal.rss,https://mastodon.social/@naunihal
krishgm@mastodonapp.uk,krishgm,mastodonapp.uk,https://mastodonapp.uk/@krishgm.rss,https://mastodonapp.uk/@krishgm
Laura1001@mastodon.world,Laura1001,mastodon.world,https://mastodon.world/@Laura1001.rss,https://mastodon.world/@Laura1001
drandrewv2@freeradical.zone,drandrewv2,freeradical.zone,https://freeradical.zone/@drandrewv2.rss,https://freeradical.zone/@drandrewv2
Jaden2@mstdn.social,Jaden2,mstdn.social,https://mstdn.social/@Jaden2.rss,https://mstdn.social/@Jaden2
memoryfile@fosstodon.org,memoryfile,fosstodon.org,https://fosstodon.org/@memoryfile.rss,https://fosstodon.org/@memoryfile
henry@front-end.social,henry,front-end.social,https://front-end.social/@henry.rss,https://front-end.social/@henry
scottcandage@mastodon.social,scottcandage,mastodon.social,https://mastodon.social/@scottcandage.rss,https://mastodon.social/@scottcandage
technoshaman001@fosstodon.org,technoshaman001,fosstodon.org,https://fosstodon.org/@technoshaman001.rss,https://fosstodon.org/@technoshaman001
jujuliagrace@activism.openworlds.info,jujuliagrace,activism.openworlds.info,https://activism.openworlds.info/@jujuliagrace.rss,https://activism.openworlds.info/@jujuliagrace
jamesreeves@mastodon.world,jamesreeves,mastodon.world,https://mastodon.world/@jamesreeves.rss,https://mastodon.world/@jamesreeves
Meyerweb@mastodon.social,Meyerweb,mastodon.social,https://mastodon.social/@Meyerweb.rss,https://mastodon.social/@Meyerweb
autiomaa@mastodon.social,autiomaa,mastodon.social,https://mastodon.social/@autiomaa.rss,https://mastodon.social/@autiomaa
tink@front-end.social,tink,front-end.social,https://front-end.social/@tink.rss,https://front-end.social/@tink
goodlawproject@mastodon.world,goodlawproject,mastodon.world,https://mastodon.world/@goodlawproject.rss,https://mastodon.world/@goodlawproject
TCemma@mastodon.sdf.org,TCemma,mastodon.sdf.org,https://mastodon.sdf.org/@TCemma.rss,https://mastodon.sdf.org/@TCemma
chailey@tech.lgbt,chailey,tech.lgbt,https://tech.lgbt/@chailey.rss,https://tech.lgbt/@chailey
bastianallgeier@mastodon.social,bastianallgeier,mastodon.social,https://mastodon.social/@bastianallgeier.rss,https://mastodon.social/@bastianallgeier
MoreUtterPiffle@mastodon.lol,MoreUtterPiffle,mastodon.lol,https://mastodon.lol/@MoreUtterPiffle.rss,https://mastodon.lol/@MoreUtterPiffle
marksmusic1977@ohai.social,marksmusic1977,ohai.social,https://ohai.social/@marksmusic1977.rss,https://ohai.social/@marksmusic1977
loopybear@mastodon.online,loopybear,mastodon.online,https://mastodon.online/@loopybear.rss,https://mastodon.online/@loopybear
DavidHarvey@sciences.social,DavidHarvey,sciences.social,https://sciences.social/@DavidHarvey.rss,https://sciences.social/@DavidHarvey
ChrisLTD@mastodon.social,ChrisLTD,mastodon.social,https://mastodon.social/@ChrisLTD.rss,https://mastodon.social/@ChrisLTD
brinyhoof@mastodonapp.uk,brinyhoof,mastodonapp.uk,https://mastodonapp.uk/@brinyhoof.rss,https://mastodonapp.uk/@brinyhoof
milan@zirk.us,milan,zirk.us,https://zirk.us/@milan.rss,https://zirk.us/@milan
REEL@ravenation.club,REEL,ravenation.club,https://ravenation.club/@REEL.rss,https://ravenation.club/@REEL
Great_Albums@mstdn.social,Great_Albums,mstdn.social,https://mstdn.social/@Great_Albums.rss,https://mstdn.social/@Great_Albums
hick@mas.to,hick,mas.to,https://mas.to/@hick.rss,https://mas.to/@hick
DaveHaslam@mstdn.social,DaveHaslam,mstdn.social,https://mstdn.social/@DaveHaslam.rss,https://mstdn.social/@DaveHaslam
SimonKirrane@mastodonapp.uk,SimonKirrane,mastodonapp.uk,https://mastodonapp.uk/@SimonKirrane.rss,https://mastodonapp.uk/@SimonKirrane
riewarden@mastodonapp.uk,riewarden,mastodonapp.uk,https://mastodonapp.uk/@riewarden.rss,https://mastodonapp.uk/@riewarden
workingclasshistory@mastodon.social,workingclasshistory,mastodon.social,https://mastodon.social/@workingclasshistory.rss,https://mastodon.social/@workingclasshistory
glasgowwetoday@glasgow.social,glasgowwetoday,glasgow.social,https://glasgow.social/@glasgowwetoday.rss,https://glasgow.social/@glasgowwetoday
derryfilm@mstdn.social,derryfilm,mstdn.social,https://mstdn.social/@derryfilm.rss,https://mstdn.social/@derryfilm
thomasorus@merveilles.town,thomasorus,merveilles.town,https://merveilles.town/@thomasorus.rss,https://merveilles.town/@thomasorus
mmasnick@mastodon.social,mmasnick,mastodon.social,https://mastodon.social/@mmasnick.rss,https://mastodon.social/@mmasnick
baldur@toot.cafe,baldur,toot.cafe,https://toot.cafe/@baldur.rss,https://toot.cafe/@baldur
mandarvaze@indieweb.social,mandarvaze,indieweb.social,https://indieweb.social/@mandarvaze.rss,https://indieweb.social/@mandarvaze
scanner@mastodonmusic.social,scanner,mastodonmusic.social,https://mastodonmusic.social/@scanner.rss,https://mastodonmusic.social/@scanner
kazak@fosstodon.org,kazak,fosstodon.org,https://fosstodon.org/@kazak.rss,https://fosstodon.org/@kazak
Jelaniya@journa.host,Jelaniya,journa.host,https://journa.host/@Jelaniya.rss,https://journa.host/@Jelaniya
GrumpyMark@mastodon.art,GrumpyMark,mastodon.art,https://mastodon.art/@GrumpyMark.rss,https://mastodon.art/@GrumpyMark
Legend@mastodon.scot,Legend,mastodon.scot,https://mastodon.scot/@Legend.rss,https://mastodon.scot/@Legend
shengokai@zirk.us,shengokai,zirk.us,https://zirk.us/@shengokai.rss,https://zirk.us/@shengokai
EuropeanPowell@toot.community,EuropeanPowell,toot.community,https://toot.community/@EuropeanPowell.rss,https://toot.community/@EuropeanPowell
redeagle@fosstodon.org,redeagle,fosstodon.org,https://fosstodon.org/@redeagle.rss,https://fosstodon.org/@redeagle
Edent@mastodon.social,Edent,mastodon.social,https://mastodon.social/@Edent.rss,https://mastodon.social/@Edent
Shadrac72@glasgow.social,Shadrac72,glasgow.social,https://glasgow.social/@Shadrac72.rss,https://glasgow.social/@Shadrac72
Mundon@fosstodon.org,Mundon,fosstodon.org,https://fosstodon.org/@Mundon.rss,https://fosstodon.org/@Mundon
Hotchipsandmayo@aus.social,Hotchipsandmayo,aus.social,https://aus.social/@Hotchipsandmayo.rss,https://aus.social/@Hotchipsandmayo
elainemwill@socel.net,elainemwill,socel.net,https://socel.net/@elainemwill.rss,https://socel.net/@elainemwill
tommyreckless@mastodon.scot,tommyreckless,mastodon.scot,https://mastodon.scot/@tommyreckless.rss,https://mastodon.scot/@tommyreckless
maggie@indieweb.social,maggie,indieweb.social,https://indieweb.social/@maggie.rss,https://indieweb.social/@maggie
Zztrrkman@mastodonmusic.social,Zztrrkman,mastodonmusic.social,https://mastodonmusic.social/@Zztrrkman.rss,https://mastodonmusic.social/@Zztrrkman
Darren157@mastodon.world,Darren157,mastodon.world,https://mastodon.world/@Darren157.rss,https://mastodon.world/@Darren157
everythingability@mastodon.social,everythingability,mastodon.social,https://mastodon.social/@everythingability.rss,https://mastodon.social/@everythingability
omarkj@moron.city,omarkj,moron.city,https://moron.city/@omarkj.rss,https://moron.city/@omarkj
niklas@niklas.social,niklas,niklas.social,https://niklas.social/@niklas.rss,https://niklas.social/@niklas
isemann@mas.to,isemann,mas.to,https://mas.to/@isemann.rss,https://mas.to/@isemann
AlanDP61@mastodon.social,AlanDP61,mastodon.social,https://mastodon.social/@AlanDP61.rss,https://mastodon.social/@AlanDP61
danluu@mastodon.social,danluu,mastodon.social,https://mastodon.social/@danluu.rss,https://mastodon.social/@danluu
pillowpop@fosstodon.org,pillowpop,fosstodon.org,https://fosstodon.org/@pillowpop.rss,https://fosstodon.org/@pillowpop
nolan@toot.cafe,nolan,toot.cafe,https://toot.cafe/@nolan.rss,https://toot.cafe/@nolan
pinafore@fosstodon.org,pinafore,fosstodon.org,https://fosstodon.org/@pinafore.rss,https://fosstodon.org/@pinafore
oatmeal@mastodon.social,oatmeal,mastodon.social,https://mastodon.social/@oatmeal.rss,https://mastodon.social/@oatmeal
elliemaeohagan@mastodon.social,elliemaeohagan,mastodon.social,https://mastodon.social/@elliemaeohagan.rss,https://mastodon.social/@elliemaeohagan
IFTF@mastodon.gamedev.place,IFTF,mastodon.gamedev.place,https://mastodon.gamedev.place/@IFTF.rss,https://mastodon.gamedev.place/@IFTF
Vibracobra23@mastodon.social,Vibracobra23,mastodon.social,https://mastodon.social/@Vibracobra23.rss,https://mastodon.social/@Vibracobra23
coldwarsteve@mastodon.scot,coldwarsteve,mastodon.scot,https://mastodon.scot/@coldwarsteve.rss,https://mastodon.scot/@coldwarsteve
openculture@toot.community,openculture,toot.community,https://toot.community/@openculture.rss,https://toot.community/@openculture
alicemcalicepants@ohai.social,alicemcalicepants,ohai.social,https://ohai.social/@alicemcalicepants.rss,https://ohai.social/@alicemcalicepants
Aineog1@mastodon.ie,Aineog1,mastodon.ie,https://mastodon.ie/@Aineog1.rss,https://mastodon.ie/@Aineog1
bramus@front-end.social,bramus,front-end.social,https://front-end.social/@bramus.rss,https://front-end.social/@bramus
poltheoryother@mastodon.world,poltheoryother,mastodon.world,https://mastodon.world/@poltheoryother.rss,https://mastodon.world/@poltheoryother
zinzy@tech.lgbt,zinzy,tech.lgbt,https://tech.lgbt/@zinzy.rss,https://tech.lgbt/@zinzy
heydon@front-end.social,heydon,front-end.social,https://front-end.social/@heydon.rss,https://front-end.social/@heydon
zachleat@zachleat.com,zachleat,zachleat.com,https://zachleat.com/@zachleat.rss,https://zachleat.com/@zachleat
adactio@mastodon.social,adactio,mastodon.social,https://mastodon.social/@adactio.rss,https://mastodon.social/@adactio
selsky@mastodon.social,selsky,mastodon.social,https://mastodon.social/@selsky.rss,https://mastodon.social/@selsky
zoesqwilliams@mindly.social,zoesqwilliams,mindly.social,https://mindly.social/@zoesqwilliams.rss,https://mindly.social/@zoesqwilliams
thefirethirteen@fosstodon.org,thefirethirteen,fosstodon.org,https://fosstodon.org/@thefirethirteen.rss,https://fosstodon.org/@thefirethirteen
drewdevault@fosstodon.org,drewdevault,fosstodon.org,https://fosstodon.org/@drewdevault.rss,https://fosstodon.org/@drewdevault
NetNewsWire@micro.blog,NetNewsWire,micro.blog,https://micro.blog/@NetNewsWire.rss,https://micro.blog/@NetNewsWire
muskanity@mas.to,muskanity,mas.to,https://mas.to/@muskanity.rss,https://mas.to/@muskanity
abraxas3d@fosstodon.org,abraxas3d,fosstodon.org,https://fosstodon.org/@abraxas3d.rss,https://fosstodon.org/@abraxas3d
jayeless@toot.cat,jayeless,toot.cat,https://toot.cat/@jayeless.rss,https://toot.cat/@jayeless
j9t@mas.to,j9t,mas.to,https://mas.to/@j9t.rss,https://mas.to/@j9t
leninology@mastodon.world,leninology,mastodon.world,https://mastodon.world/@leninology.rss,https://mastodon.world/@leninology
mastohost@mastodon.social,mastohost,mastodon.social,https://mastodon.social/@mastohost.rss,https://mastodon.social/@mastohost
ia@mastodon.online,ia,mastodon.online,https://mastodon.online/@ia.rss,https://mastodon.online/@ia
harrybr@masto.design,harrybr,masto.design,https://masto.design/@harrybr.rss,https://masto.design/@harrybr
whalecoiner@indieweb.social,whalecoiner,indieweb.social,https://indieweb.social/@whalecoiner.rss,https://indieweb.social/@whalecoiner
liza@post.lurk.org,liza,post.lurk.org,https://post.lurk.org/@liza.rss,https://post.lurk.org/@liza
reichenstein@mastodon.social,reichenstein,mastodon.social,https://mastodon.social/@reichenstein.rss,https://mastodon.social/@reichenstein
susanagardiner@mastodon.online,susanagardiner,mastodon.online,https://mastodon.online/@susanagardiner.rss,https://mastodon.online/@susanagardiner
flyingrub@merveilles.town,flyingrub,merveilles.town,https://merveilles.town/@flyingrub.rss,https://merveilles.town/@flyingrub
christophe@mastodon.vlaanderen,christophe,mastodon.vlaanderen,https://mastodon.vlaanderen/@christophe.rss,https://mastodon.vlaanderen/@christophe
Epidiah@dice.camp,Epidiah,dice.camp,https://dice.camp/@Epidiah.rss,https://dice.camp/@Epidiah
mjolly@mastodon.me.uk,mjolly,mastodon.me.uk,https://mastodon.me.uk/@mjolly.rss,https://mastodon.me.uk/@mjolly
ollyfayers@mas.to,ollyfayers,mas.to,https://mas.to/@ollyfayers.rss,https://mas.to/@ollyfayers
WeAreFairphone@social.weho.st,WeAreFairphone,social.weho.st,https://social.weho.st/@WeAreFairphone.rss,https://social.weho.st/@WeAreFairphone
shauny@tech.lgbt,shauny,tech.lgbt,https://tech.lgbt/@shauny.rss,https://tech.lgbt/@shauny
richardcarter@mastodon.org.uk,richardcarter,mastodon.org.uk,https://mastodon.org.uk/@richardcarter.rss,https://mastodon.org.uk/@richardcarter
martijnbraam@fosstodon.org,martijnbraam,fosstodon.org,https://fosstodon.org/@martijnbraam.rss,https://fosstodon.org/@martijnbraam
aral@mastodon.ar.al,aral,mastodon.ar.al,https://mastodon.ar.al/@aral.rss,https://mastodon.ar.al/@aral
libreoffice@fosstodon.org,libreoffice,fosstodon.org,https://fosstodon.org/@libreoffice.rss,https://fosstodon.org/@libreoffice
fosstodon@fosstodon.org,fosstodon,fosstodon.org,https://fosstodon.org/@fosstodon.rss,https://fosstodon.org/@fosstodon
kev@fosstodon.org,kev,fosstodon.org,https://fosstodon.org/@kev.rss,https://fosstodon.org/@kev